int_n_features,flt_roc_auc_train,flt_roc_auc_valid,flt_roc_auc_test,flt_pr_auc_train,flt_pr_auc_valid,flt_pr_auc_test
12,0.7742128566210787,0.7597426936996023,0.7578053273819169,0.41354071059397624,0.3974721955527192,0.39492293146556434
11,0.774204496570756,0.7597316692955207,0.757782206236566,0.4132686672875115,0.3974608809503064,0.394893780108268
13,0.7742695913315206,0.7596949761296969,0.7579042251277233,0.41318879171554834,0.3974033225553796,0.3950887211119801
14,0.7742880564912138,0.7596770409051462,0.7580282692286919,0.4131970755584259,0.397377855902291,0.39527857116478615
10,0.7740742258836898,0.7593242599745353,0.7581982180853937,0.4133185550258903,0.39684802930711705,0.39487466345769345
