int_n_features,flt_roc_auc_train,flt_roc_auc_valid,flt_roc_auc_test,flt_pr_auc_train,flt_pr_auc_valid,flt_pr_auc_test
12,0.7742134653626072,0.7597436809596694,0.757806508754307,0.4135420428665783,0.397474228366935,0.39491936138522116
11,0.7742046589018303,0.7597323274688987,0.7577833876089564,0.41327071571021556,0.3974511814259836,0.3948970006576918
13,0.774269915993669,0.7596869135058165,0.7578907237289785,0.41320469476239574,0.3973950252831547,0.39507467775142563
14,0.7741957712755164,0.7599154642113289,0.7584520443817979,0.41318601230087815,0.39727120375532954,0.39559872850635897
10,0.774075483949515,0.7593265635813583,0.7581997369927524,0.41332023687294106,0.39684865172293987,0.3948810129238829
