int_n_features,flt_roc_auc_train,flt_roc_auc_valid,flt_roc_auc_test,flt_pr_auc_train,flt_pr_auc_valid,flt_pr_auc_test
10,0.8280401972322552,0.8003192469970016,0.8008123454089843,0.5547340538660241,0.49538146612937484,0.49578568513560833
12,0.8283872001947973,0.8000948098751017,0.800034917992504,0.5538219380586651,0.4953746117017266,0.49627552512123424
14,0.8299522340814091,0.8002351653479615,0.8005213902660315,0.5565349394761692,0.4952425655185544,0.49728835122338344
13,0.8292053691002801,0.8005107754500014,0.8004932060961516,0.5530734188539238,0.4938367843402824,0.4986373948972406
11,0.8313807272432125,0.8001836632811324,0.8005478867610684,0.5552311782384375,0.4928307471882924,0.4974427459048726
9,0.8297101984497381,0.799567612999319,0.7998709603814955,0.5564760344676983,0.49224792861620914,0.4975813633382742
15,0.8250642831053935,0.8002260331923416,0.8005023195403043,0.5439457418864371,0.4921597144520345,0.49778288260842535
8,0.8273537397021224,0.7995687648027306,0.800851246314118,0.5516717599396752,0.4887904055697674,0.49736264773005223
