int_n_features,flt_roc_auc_train,flt_roc_auc_valid,flt_roc_auc_test,flt_pr_auc_train,flt_pr_auc_valid,flt_pr_auc_test
13,0.8266688851913478,0.8009945328828356,0.7999369484678613,0.5486430945918626,0.49729509067870975,0.49711108312612956
14,0.8294921066515156,0.8001428565316963,0.7997572110970695,0.5577080989663975,0.49630867813249235,0.49559068028338993
15,0.826737672984051,0.7993644019688598,0.7996974674076234,0.5489774673793758,0.4962463237874262,0.49682203743675224
11,0.8275188912787631,0.8000569649058663,0.8000193913839474,0.5510543637643607,0.49603601386320795,0.4959653754072544
12,0.8280327300028409,0.8004055499811928,0.8006277137811477,0.5510438254510297,0.49388080953719155,0.49822544120877366
