int_n_features,flt_roc_auc_train,flt_roc_auc_valid,flt_roc_auc_test,flt_pr_auc_train,flt_pr_auc_valid,flt_pr_auc_test
15,0.8309686701026744,0.800462728793407,0.8004806329185704,0.5594335255464082,0.49576825472788083,0.49649114098793473
13,0.8301863966559798,0.8002364816947175,0.8001749950044825,0.5562131017206113,0.4934106378433807,0.49829288325026666
14,0.8293307495637352,0.7998846880241733,0.8007303244116091,0.553320302270111,0.4916777403769428,0.4997890171329732
